permutation,vmse,vmse_std_across_seeds,n_seeds
1,3.2415745377457865,0.2802233778699455,5
2,2.06621487801411,0.3161115304248803,5
3,3.3655725625593647,0.5283058802405867,5
4,4.323823600254039,0.4801077973456446,5
5,3.0588409570290818,0.5092975064399948,5
6,1.712834986437247,0.20126507808717867,5
7,3.5951775960283725,0.4233540631163954,5
8,3.1584834746294304,0.4869523795946855,5
9,5.433176937058508,0.9449534994735769,5
10,3.3216310415985695,1.0297544170397506,5
11,2.5683103421012765,0.1872494207092021,5
12,2.6607383977981054,0.3515346658052015,5
13,2.8033551808224035,0.47875395671588644,5
14,2.5528449381357836,0.367014740595008,5
15,4.131386412664641,0.5695193003014385,5
16,4.018983250946829,0.5866403004131215,5
17,5.053481286766803,0.5397590138180389,5
18,1.8386841144750694,0.4278571580597308,5
19,3.706462410045355,0.31229686963553444,5
20,1.6161969383597796,0.21730286479310162,5
21,2.1727487559046232,0.13642846546700504,5
22,3.98813039199091,0.43399033017256033,5
23,1.9263908813321027,0.2021343169241526,5
24,2.2994463270948557,0.20734372520371153,5
25,1.2379766238563,0.1224401516753671,5
26,3.820008885211551,0.11141523952774483,5
27,3.001164093322013,0.3999638485592835,5
28,2.655369114036604,0.2584860793846037,5
29,1.5343154857078747,0.17032273316714452,5
30,4.905337755591211,0.30930466544665675,5
31,4.697271292439784,0.6414925156700664,5
32,1.677044841402757,0.1640763311729133,5
33,2.5561192881346444,0.19263336072351944,5
34,1.6985433836296857,0.15642096037455835,5
35,3.8306271822330324,0.9663000071087643,5
36,2.067758955111684,0.1810473111263387,5
37,2.579451291475961,0.8057129348014712,5
38,4.330783064938703,0.9491635273273099,5
39,3.342923924503424,0.7845356491984754,5
40,3.5349097946436436,0.618526490423852,5
41,2.356707133603626,0.24376531736022305,5
42,1.47230012580651,0.2156832454115202,5
43,2.223999248004273,0.1511502328762299,5
44,1.634692371873129,0.2551044568994199,5
45,1.8859876647236722,0.13098431723057802,5
46,2.2185603684128745,0.4795855659707355,5
47,2.84490002232592,0.429272452634537,5
48,2.1026260888331363,0.29712911047492063,5
49,2.7246201390084797,0.3483731886259793,5
50,3.108416656625642,0.6514129793153767,5
51,2.276442125201183,0.11980067867548812,5
52,2.7496426443248883,0.09704657245513834,5
53,3.330288110145699,0.20946152851425684,5
54,3.6667410282520643,0.5650132278614538,5
55,3.236795854554967,0.37959835870417125,5
56,3.454458698401472,0.2592926227984073,5
57,2.8647215543643187,0.17134213683619745,5
58,2.1954053378040723,0.29601793873711135,5
59,4.384416972646438,1.6673031543089043,5
60,3.0071178933529357,0.6289356449757512,5
61,1.4272775536636624,0.16850292713719536,5
62,1.8744645082529257,0.4785411828334265,5
63,2.1828275086496185,0.12180437371955306,5
64,4.2938716573744395,0.7835468730858559,5
65,1.9344734360007387,0.10707881021783307,5
66,2.800970075729906,0.5791076068573378,5
67,1.6291025767568734,0.1857411968951971,5
68,3.3865209914791192,0.39968465327521396,5
69,1.9666087089944049,0.08748064883963555,5
70,2.9980605516925776,0.37840294546028896,5
71,2.6292595562146763,0.41340701992828865,5
72,2.072582525325184,0.14570238673062846,5
73,2.132426699640113,0.33369835997954933,5
74,1.7022611352689623,0.19679210942519723,5
75,2.4599443484061028,0.39035806127912237,5
76,2.8298752083870897,0.2005903479403097,5
77,1.8173358049866373,0.28610506280769826,5
78,3.512408663860459,0.2559076323418797,5
79,2.112287554788273,0.1861870493046044,5
80,4.721941218942623,0.6903573372028626,5
81,3.1530518363551767,0.3357313829151503,5
82,4.329183737347588,0.45283405577841573,5
83,5.162613784907017,0.6965003132275832,5
84,3.105790382812751,0.2826962866109468,5
85,5.496681268116081,0.6325342906785983,5
86,1.4203281552355205,0.16361902196921707,5
87,1.9848558645603969,0.22953730412752074,5
88,3.373309981719359,0.7101856443470762,5
89,1.5184960240797172,0.14068877539464197,5
90,2.88450744193273,0.21589811195832123,5
91,5.465245703531013,0.805899367632859,5
92,2.124262753179243,0.2746702553413463,5
93,3.9796608468283354,0.2801250760733562,5
94,2.85020591339322,0.31197185818592393,5
95,3.0547608935899886,0.20574338547986415,5
96,3.2830128849494917,0.8922878959839498,5
97,1.8660329400454487,0.22002156414491678,5
98,2.0484345607164007,0.3446342956438503,5
99,5.064833837680224,0.3168803989733439,5
100,5.005697924388427,0.9346760774610106,5
101,2.5174643708806514,0.3049271218436349,5
102,3.2012319091366743,0.44863628636471115,5
103,3.6751731917499,1.1429028974612605,5
104,3.8681923492810215,0.5731548462207389,5
105,1.7659554836602538,0.32935096113014817,5
106,1.932858463552075,0.16329882128133139,5
107,3.3686980463416334,0.9135274713154852,5
108,2.8599605527253846,0.14703329888795663,5
109,3.897016597283229,0.34436556452164335,5
110,2.4104148069298637,0.4138513070328497,5
111,2.9497586556278867,0.38775109465764845,5
112,3.9801043634739557,0.4389906179561618,5
113,2.876435636570662,0.33805209196731845,5
114,1.7381978529378739,0.21321763543781524,5
115,1.8825188757378004,0.05000821332636074,5
116,2.6296633148176705,0.18376396443772666,5
117,2.108489076904662,0.3346649461395187,5
118,2.495254671608323,0.16200342785564972,5
119,2.954482960449866,0.24548807101062428,5
120,2.665056651724649,0.26424822193130654,5
121,3.281048728151698,0.4451256752818411,5
122,2.1507709457927553,0.1591291255437969,5
123,2.8736023142752067,0.3909364437060565,5
124,3.50939998869712,0.7436853007828876,5
125,3.42012553261373,0.6081340253006667,5
126,1.411346943670346,0.2075744328552186,5
127,2.5910393920808503,0.4866798970258373,5
128,1.5802475470425608,0.14415898364905586,5
129,2.956014980786935,0.25941893048090087,5
130,3.8216043309793073,0.5619810926735711,5
131,2.6336990795236686,0.35197043323509625,5
132,2.3528014385805522,0.22875095443361226,5
133,2.688268141273889,0.13196080540866784,5
134,2.55290053626754,0.16764135989868298,5
135,2.058373529924757,0.2561232853786268,5
136,2.3927063747560164,0.2947459992329199,5
137,4.975327875269593,0.8476363009908798,5
138,2.6923761658736076,0.42066177207271066,5
139,2.9610159924685737,0.4581040153589773,5
140,2.533622980546444,0.2444553420150331,5
141,3.229426884266155,0.4104496381615582,5
142,2.269273226647445,0.0983226424320131,5
143,4.434014287266308,0.23963731918160164,5
144,2.344630112393369,0.3367635025291692,5
145,2.2601680276497484,0.2601581760951883,5
146,3.0330918694765083,0.7136005768648593,5
147,1.8691384973871963,0.2747808159317412,5
148,3.9082038480086205,0.3618386572909696,5
149,2.7993636971278977,0.6282425642003376,5
150,2.726890019084597,0.24578440016429365,5
151,3.730047412746122,0.31728570549803314,5
152,1.7282146898167654,0.2084060501131979,5
153,3.137078196620968,0.31226963626935306,5
154,1.7367893015372182,0.17914151059611194,5
155,4.046766191676303,0.6496377343099535,5
156,3.4075186622048492,0.3215335790933191,5
157,2.70469784769215,0.2785964432153233,5
158,2.9817358598529524,0.2001571522076611,5
159,3.7631313153337245,0.3979248338178334,5
160,2.8006050829391915,0.33877873777241996,5
161,4.055537308696686,0.3599418184055424,5
162,2.3204114313670736,0.3389288008332546,5
163,3.4682979058003056,0.2729841765050661,5
164,3.0919682410531157,0.1857597914799473,5
165,4.439427945939429,0.4603365501166085,5
166,1.1223967532278643,0.08140790630725706,5
167,3.1287448610597233,0.33418454957593857,5
168,1.8143617543548423,0.20788296167330117,5
169,2.730844896592991,0.3431066945020057,5
170,2.6220721558827114,0.14525984874554165,5
171,4.149604717131871,0.3376235665544025,5
172,1.6085159983052872,0.17187353403518651,5
173,3.072232315617755,0.569258630284155,5
174,3.4370113513802565,0.5360351982479631,5
175,1.5302571704964751,0.07185480669654111,5
176,1.7082347096193264,0.13403947258570403,5
177,2.6929608255712454,0.17425569899683396,5
178,3.4273858283496983,0.25876297916144836,5
179,4.252812197160752,0.7319084425282445,5
180,2.299394756396467,0.22880216181594276,5
181,2.4219007359054445,0.34596104945578615,5
182,3.72379555444069,0.4635180124532881,5
183,3.299166466757447,0.31496457112047593,5
184,3.7295193154382376,0.8271678479868775,5
185,3.690764188704185,0.4387652303167205,5
186,2.896668766807705,0.40045954374378084,5
187,1.3389263553245954,0.18658025741795822,5
188,3.5061905317168383,0.6427688367601562,5
189,1.385633579501882,0.11812515273660294,5
190,1.8894899750566192,0.12820164993552197,5
191,2.269590946340123,0.7378583641825972,5
192,2.919210548010527,0.4388503777283285,5
193,2.389344598512407,0.2787041288211324,5
194,2.976557766500014,0.3654702507887756,5
195,1.8883749880348588,0.12933832723097324,5
196,1.7143028050213254,0.23123795590740526,5
197,1.415469261160451,0.1290088788256132,5
198,3.8227542999086808,0.3561913162296414,5
199,5.878627811939013,1.1440799742597063,5
200,4.456800008462484,0.4608704958799543,5
201,4.196503080788068,0.7525466822137071,5
202,3.2332127750036745,0.2383020588861042,5
203,2.9687797228909103,0.4034585209343669,5
204,4.840287731118735,0.586615632153165,5
205,1.5824535317905546,0.20648546870054368,5
206,3.0548810632870387,0.25881501458039613,5
207,1.3703679890761546,0.10931817816477109,5
208,4.727998031876413,1.2240845098780568,5
209,3.123991602563408,0.33104989866584444,5
210,1.792734349438922,0.15739310791434322,5
211,4.6667873949705285,0.7197268413313916,5
212,2.073216179499986,0.30596617980225177,5
213,4.983430255808701,0.668674283829605,5
214,2.121481798701791,0.16254521187902105,5
215,1.5170457219987412,0.10953331743808675,5
216,4.461105889898706,1.123418957285236,5
217,4.449715498060382,1.012241229661047,5
218,4.2392935609689,1.2621056749282353,5
219,3.437939930409999,0.19662795515019452,5
220,2.636700421423486,0.5937271657158317,5
221,1.7473649444317538,0.22997985402204374,5
222,1.5944759175277818,0.26730773746438746,5
223,2.399588872366283,0.332578157848341,5
224,3.748114168194367,0.40292331803387543,5
225,3.0579379459265796,0.17676771927875476,5
226,1.594424212732621,0.17435459202242864,5
227,3.276923383010318,0.35102617072596065,5
228,3.948594435103586,0.7197213207128432,5
229,5.016376464651358,0.6292731636742649,5
230,3.0193718575546344,0.1587691735833234,5
231,2.2828112854736546,0.3987016985644343,5
232,2.2832002144068495,0.5359776590621286,5
233,2.6670395823234747,0.47776456231487,5
234,2.4234097729063686,0.5316949097182735,5
235,3.335472471877332,0.509338483984019,5
236,3.203522735951519,0.2551844318141202,5
237,2.2073600333958256,0.4457471419326949,5
238,2.897444345373125,0.2151169878280445,5
239,4.448568331643155,0.9769300226980007,5
240,2.2275842784323645,0.30970974216845115,5
241,5.043555669317313,0.770682808031514,5
242,3.019605330672942,0.16052905391606867,5
243,2.3614725761171487,0.38017614860216464,5
244,3.2371771064292503,0.3258093559415254,5
245,3.6773887614027245,0.6250177229154612,5
246,4.733134472946852,0.676537671779012,5
247,3.688191757626781,0.5883412747851905,5
248,2.552442690082247,0.3512442363615631,5
249,2.1224048104906106,0.2879353614488098,5
250,1.5246430823814259,0.1646638553371808,5
251,2.9858757003215075,0.25254430936239886,5
252,2.4409135014420924,0.2094002096625135,5
253,3.319116477694705,0.2591028298542754,5
254,4.763130833134722,0.8903500107414172,5
255,3.5802625386627556,0.18436620441882487,5
256,3.5398022391191546,0.45742381087701195,5
257,1.359662392257214,0.0985904456952205,5
258,2.0104471192379405,0.28443615086355795,5
259,2.456925301038643,0.4762138873122798,5
260,2.5792946889748922,0.44256661530453645,5
261,5.5101301605121344,0.4705668779166871,5
262,1.9668251089707354,0.23342082235594042,5
263,2.2708258462143722,0.23675437741673505,5
264,4.464520128395461,0.4601366435006926,5
265,2.4088833131696683,0.20243571568563562,5
266,3.72651557685757,0.4088176638104647,5
267,3.365481745720383,0.22984206140878344,5
268,3.9417004705063654,0.2616276681512493,5
269,2.3428990845289412,0.2705366220973465,5
270,2.450199389846843,0.2758251026253291,5
271,4.70490527431987,0.7899101364333541,5
272,2.149378475046518,0.1852850332975765,5
273,4.334374563403447,0.6780788467446551,5
274,2.085546852974434,0.18017196032197194,5
275,1.7056580891125808,0.08690067885416279,5
276,2.676168361047975,0.23673991797130828,5
277,2.9399524297488644,0.26614152411921976,5
278,2.6527013284876686,0.43119757203883435,5
279,2.5209436533484917,0.30028703925079725,5
280,2.766486575605538,0.3425787698937528,5
281,2.2454076603156077,0.11363301922364753,5
282,1.7349449595148383,0.16405497291148524,5
283,3.0889704619147014,0.2706977786901687,5
284,3.2984301991492764,0.15471177992443785,5
285,2.786293756899301,0.11566043815059533,5
286,4.2052085452053465,0.5165355250714782,5
287,2.055116765195017,0.24660849124952017,5
288,3.7768075439364273,0.6122288084192707,5
289,2.995373367673417,0.20483301973701418,5
290,4.362007163815983,0.8821935583968767,5
291,2.646539539045727,0.22393838042447797,5
292,3.748580494481537,0.20738566976414408,5
293,2.7859918434272717,0.3630650376280237,5
294,3.978858505988908,0.48876219730416703,5
295,2.0718627544869976,0.20465955676467198,5
296,2.5759773902658294,0.17188883181396183,5
297,2.8453308480943575,0.193838548073543,5
298,5.480954629047304,0.918771482018261,5
299,1.2912885392431488,0.06591841278470521,5
300,2.1450836619927967,0.2506838094759699,5
301,3.6768255343462526,0.5085485861258349,5
302,2.354671872036689,0.31810611254012977,5
303,2.5756541551204863,0.18876867329067518,5
304,2.368435152680056,0.10212645671671793,5
305,2.824547816315968,0.23421957575806523,5
306,4.456337645076113,1.0966136358313803,5
307,4.15401259103916,0.7476550910314015,5
308,3.3777858464131585,0.9995220592264752,5
309,4.421812499216801,0.868083843296827,5
310,2.847280518835551,0.28132520390246546,5
311,2.964539008017315,0.21708709389784997,5
312,5.116227245594308,0.8133948828453753,5
313,2.552694024468328,0.21885877438062262,5
314,2.646303256583098,0.25365911712476874,5
315,3.23520638448405,0.49296006171513407,5
316,2.171323269817349,0.4463893092583248,5
317,4.045060228351414,0.7797368598287509,5
318,3.048939746346702,0.47385001085696354,5
319,2.128606210341108,0.1012692406209129,5
320,3.517638474271591,0.8405190139820929,5
321,1.681162755851351,0.0921970575916712,5
322,3.3746836672607885,0.5284709874009288,5
323,1.4739528049835133,0.07320273047106123,5
324,2.046168974265007,0.38820868586127194,5
325,2.30533546102401,0.21134141048590338,5
326,3.661938722260177,0.4360133916060309,5
327,3.343173330492543,0.582553227171775,5
328,5.1068741219518525,0.81221519030274,5
329,3.062797798246759,0.3521964676787695,5
330,5.326885772217766,1.1481994251376686,5
331,2.651959110765392,0.24649578463199084,5
332,2.1208192493500517,0.15119908007134109,5
333,3.3309915244247086,0.3835278003440488,5
334,1.8232237288805124,0.20582640704163918,5
335,1.3772939609172445,0.1796417085724808,5
336,4.974567768568721,0.5245838171594188,5
337,1.7573616374036853,0.24646262034142105,5
338,2.602859485517034,0.18805267794521743,5
339,4.240321768898534,0.5497225708886233,5
340,3.862889313643886,0.27806259155814206,5
341,4.4576148649165654,0.6988473361805495,5
342,2.2051533499623597,0.26375654713946683,5
343,2.2389390455594995,0.7781057147652511,5
344,3.7351582951992035,0.45476323098474625,5
345,4.9409496094894845,0.6401778976926406,5
346,2.164854679446164,0.22928609488368043,5
347,4.409809713592063,1.0047745846177443,5
348,2.836951915358779,0.3027616691813669,5
349,1.249220289052082,0.1588316224662875,5
350,2.97978346258413,0.2519273703677297,5
351,2.546669133923035,0.29406604219737953,5
352,3.6995914751330745,0.28925954385432784,5
353,3.658322645399662,0.30919599878333115,5
354,2.065659740833724,0.3935413278248425,5
355,1.803218563350158,0.04206595654994399,5
356,1.8959165603034713,0.18700183017843625,5
357,3.871294899097973,0.41165640504160966,5
358,2.7917845282235434,0.3552308154094981,5
359,2.542173598981804,0.2660614351466466,5
360,2.918951912178626,0.3354737180113914,5
361,4.805865079619732,0.6540766852910046,5
362,4.462387073204225,0.5217996643639307,5
363,2.816910781584302,0.2061231347556493,5
364,5.134086186339835,0.9295359314182402,5
365,3.983032256366606,0.7133465667629858,5
366,4.453858781883169,0.7469075802875501,5
367,1.7051063172242256,0.22664311139857207,5
368,3.6890845998713315,0.4242951363431625,5
369,3.5824838813729043,0.7655711027738792,5
370,2.784925706603378,0.8047648008539494,5
371,2.877216397522721,0.18652228025234793,5
372,3.0791929477110034,0.3448625029230765,5
373,1.5330121722230836,0.2203855763271898,5
374,1.769300803733558,0.22903528821856203,5
375,3.431104750089811,0.5187667695014904,5
376,3.0191508458081473,0.4864037278733185,5
377,2.767677370391785,0.499727314201172,5
378,3.696245499203994,0.7651362379525447,5
379,2.2977880995441855,0.3883803779818059,5
380,3.146175549540252,0.2562974591063563,5
381,2.6219406686943536,0.08252671260273843,5
382,3.4781494062138365,0.7287494956733274,5
383,1.9478800944826635,0.4567905290276006,5
384,1.7822451511766721,0.10162672866442238,5
385,1.9481972306965516,0.21932876340429724,5
386,3.7139140041286423,0.48044439585600307,5
387,3.999071236079719,0.3640630901079565,5
388,3.2499969978452157,0.25164599784600644,5
389,5.516043966641949,0.46340818349867746,5
390,2.6456886862697013,0.3059975085202735,5
391,3.2078245972395907,0.23934461487349284,5
392,3.3939168287518116,0.6206332983955333,5
393,3.739668748173537,0.6878809688105264,5
394,2.531902272030878,0.2512821808025757,5
395,2.1242196306996664,0.12008457287192885,5
396,2.53118604750021,0.07724892296800896,5
397,3.1263325918937594,0.9072058323663688,5
398,2.1766012759081597,0.2191373818537409,5
399,3.75719583931782,0.3175152607669363,5
400,2.3708839766111396,0.11151517309809011,5
401,2.050615499941158,0.14350515896948102,5
402,2.806597173978896,0.5109403340361859,5
403,5.4824175027120265,0.8721615443837443,5
404,1.879052649269709,0.16598075775425478,5
405,2.8402310852553003,0.19141056169992854,5
406,2.84142922190396,0.2489751420500949,5
407,3.7315013822171466,0.3047487524157457,5
408,1.97692249147592,0.536281182419723,5
409,3.242332209967234,0.2461358622725837,5
410,3.492999756399443,0.7682104779897199,5
411,4.902378923094498,0.8777123560882492,5
412,3.1150207284621123,0.35570757036603573,5
413,2.002849800358983,0.4466905311114658,5
414,3.023543915428367,0.4074712641712674,5
415,3.8434776054418642,0.30229543618681615,5
416,3.579101965323017,0.29603708138126505,5
417,3.5690681090143714,0.2203209604547965,5
418,3.0461498892318217,0.33135387161026025,5
419,2.9436526051149916,0.545276130684915,5
420,1.7958562269932181,0.29205482093489266,5
421,1.4113449537214124,0.24484219377025473,5
422,2.9175602099401687,0.602754165082134,5
423,5.695419588777511,0.9327741441761714,5
424,1.6335314153137368,0.07718787921504838,5
425,3.6749223537644675,0.45635151496124404,5
426,2.1321134974372016,0.2693238502869034,5
427,4.089319013903494,0.2808285228433964,5
428,3.9871873531630335,0.6022377756746862,5
429,2.2816884368738672,0.35076493075133447,5
430,2.974004717969879,0.12321856395139119,5
431,1.6694445620605847,0.34220719929016374,5
432,2.357291662141402,0.4032401668924177,5
433,2.8031224602105356,0.18162187881571057,5
434,2.0961536400982075,0.06456010964405244,5
435,2.824888851052628,0.5459133435741415,5
436,2.2032367279897698,0.45264674019687434,5
437,2.9188390053613564,0.5069745358281518,5
438,4.180919773220569,0.2818572633478902,5
439,4.453502102148445,0.8186346694042156,5
440,4.01050629335477,0.6754448664646776,5
441,4.172720998169642,0.4430193407179203,5
442,3.802088859975425,0.7937809951280191,5
443,2.194197145651425,0.9306181829621362,5
444,1.7968703646529107,0.3366028518598597,5
445,2.967757169140583,0.5221916230660024,5
446,1.6106490423397566,0.10893912962547202,5
447,1.9530618480071298,0.2185465630468216,5
448,4.175936288265375,0.8165742574755958,5
449,3.9493520900990533,0.621505446256543,5
450,1.7967458616190286,0.08117738489689168,5
451,4.530687616571563,0.6448903411759813,5
452,1.717604756187662,0.3229722733983738,5
453,2.3383491549053534,0.35240044411714844,5
454,1.9263461831069733,0.22742702910987678,5
455,1.4224388480188648,0.1975261086836638,5
456,2.5431442835385845,0.23038982539157918,5
457,1.5856490332942843,0.12701533931939377,5
458,2.6478845510505664,0.5275819157020426,5
459,5.755852274220315,0.8634685423706218,5
460,2.3419181729555496,0.4530467351303498,5
461,3.3124875186026244,0.3597026640496177,5
462,2.2918721447004953,0.16605773083403413,5
463,2.390103808199631,0.35851763504626855,5
464,3.722971851088135,0.25722920878142047,5
465,4.496562849021935,0.30552894972273403,5
466,1.6628470929707464,0.1852044742085753,5
467,2.2187753780985062,0.0953978209288393,5
468,1.9707745848078417,0.15969807929548158,5
469,2.982927344444907,0.38664858420596177,5
470,2.081156351092775,0.11496663718523617,5
471,1.1567941150664862,0.2070547820166903,5
472,4.2611270998212945,0.5944197252612253,5
473,1.8564319517249277,0.1448116881422221,5
474,0.9643946838089066,0.12586078675143333,5
475,3.5044718902116805,0.3649862331633793,5
476,2.4341305626371357,0.29607276095885665,5
477,2.000787325231937,0.2981472055056435,5
478,4.121911646869593,0.8214221185976872,5
479,2.0555728896662586,0.23961508850620059,5
480,3.972372840235368,0.3534606106884485,5
481,2.110194280940745,0.17630805249865192,5
482,4.927987450585749,0.5491702530697854,5
483,3.478545578307687,0.6376352600772116,5
484,2.6553607133312362,0.3422596485117672,5
485,2.207691653105212,0.32998670828666515,5
486,1.6086664994929145,0.1922706374748377,5
487,1.7927986143683703,0.20499036634723516,5
488,4.283919308244441,0.5155975221729037,5
489,2.21201679955195,0.2786977390976663,5
490,1.843690200101084,0.1270616989130699,5
491,2.9193364285107375,0.49521356055751914,5
492,2.9050687309489582,0.2996803755731559,5
493,3.869790300310425,0.3753487126745492,5
494,3.42346825187001,0.18997568413798255,5
495,3.3207368220346694,0.32309831023574714,5
496,5.317744340217542,1.3257409089416072,5
497,1.7696778981856724,0.14925942808347228,5
498,3.249462509069757,0.2619397237658585,5
499,3.648743066406395,0.2937245226095838,5
500,2.943650908653468,0.2817414325004939,5
501,1.511914563367211,0.1950861704269286,5
502,3.0511802613492423,0.19391183418600255,5
503,4.596318354892022,0.5768753859604715,5
504,2.9808594116351292,0.4021792604701117,5
505,2.6719702175405127,0.1921148980053691,5
506,2.5913066053080653,0.2140435003175639,5
507,2.9708592561785094,0.28383069016226226,5
508,1.9377329877861296,0.29254356403713455,5
509,2.2807383772753997,0.24104381378530332,5
510,2.772324458009943,0.2838865355232012,5
511,3.8787992413528913,0.3216955209700086,5
512,2.976127883545587,0.3094328377757716,5
513,3.298446192411992,0.4614707741319579,5
514,4.034704059710015,0.4889804028470068,5
515,3.0571704927334657,0.4290449236370785,5
516,3.1969287284787495,0.2590941861809315,5
517,3.720562770285047,0.5309911351591832,5
518,2.1293971986143645,0.1108910973189388,5
519,2.980930297789682,0.6596474067065717,5
520,2.9319411425896003,0.22013886269137917,5
521,3.488993586785368,0.49625852624613565,5
522,2.695433628712775,0.08084926418288936,5
523,2.6148179457320473,0.7839698594112956,5
524,3.634552191278698,0.30186743706253705,5
525,4.816997061019936,0.35071731840185755,5
526,2.2654249382762415,0.2225426801413166,5
527,3.016717750648854,0.41598000751202274,5
528,2.0516858366950204,0.1470878660029185,5
529,1.9955930399770243,0.09018861328317938,5
530,2.8446738839931855,0.31039863779423804,5
531,2.8646882365718462,0.4168751436714099,5
532,3.3512098667774937,0.15623314222584814,5
533,3.897045740533958,0.7190711628956037,5
534,2.5698846684469627,0.2335333066133392,5
535,3.217310216687551,0.24734010126177244,5
536,1.4647567738662262,0.14145199392048807,5
537,1.7795072956806812,0.13771544812438416,5
538,2.1150648972707806,0.31902590404290754,5
539,1.669991883301671,0.17803898479129773,5
540,4.384573273772916,1.293311584979608,5
541,1.9510034046200186,0.19300982882643367,5
542,3.1359502028235844,0.17181155423672387,5
543,3.1481762981183143,0.6409397206873472,5
544,2.5327036670953067,0.22115152839355548,5
545,2.531594610941551,0.25695568719053224,5
546,2.7589765666360817,0.45810097126780547,5
547,2.3591823528135527,0.34275931339681437,5
548,2.1112194616544646,0.1598030251995481,5
549,2.6274261112892416,0.2833803829639923,5
550,4.68677540194266,0.8798585468936413,5
551,3.448012960654675,1.0974617874267898,5
552,2.2115639604686246,0.21918879781390557,5
553,3.266374086178778,0.5685422128707882,5
554,1.9637728748562597,0.21029662974536645,5
555,3.5299556544642066,0.3209394906038889,5
556,3.3102782328503664,0.27884060863955806,5
557,1.6329513319881475,0.1771416713283931,5
558,2.5693211160594185,0.11374724401819027,5
559,2.162694159946468,0.29607426994669145,5
560,2.4770969231770454,0.4908316552270559,5
561,3.309063324371614,0.5123561155491209,5
562,1.9197320870342627,0.20449160754293397,5
563,3.8267728970549726,0.6284459510601597,5
564,1.5173593520795903,0.10645314719076789,5
565,3.048677866006656,0.6049584159901701,5
566,1.6749699441670796,0.23014442004661526,5
567,4.1521456889915385,0.49824213841021836,5
568,2.093238184537085,0.4149421720002359,5
569,2.068116740446962,0.26341270504172243,5
570,2.8026223128412364,0.20098080078735986,5
571,2.8015328323461217,0.3445755464533263,5
572,1.811852889387156,0.1897983731142945,5
573,1.6808071448863289,0.0759025417587395,5
574,1.015603912384704,0.15095925253221026,5
575,4.193267380156348,0.3676814199314451,5
576,3.3172207793547495,0.3214243560381134,5
577,3.9788726036239965,0.5470664167876457,5
578,2.324452367674358,0.17641945609599863,5
579,1.8484902608317335,0.3885227753642617,5
580,2.43674109097402,0.3284254352880104,5
581,1.873216643580233,0.3726107092210422,5
582,2.7534102170577275,0.22659275591520112,5
583,3.6135687729077004,0.439230292349284,5
584,2.4607748114124544,0.1945670726858716,5
585,3.575259945724794,0.4917320009501814,5
586,2.679880835189629,0.2592936731494977,5
587,2.3539138688042396,0.13334305501832844,5
588,4.211119295097808,0.524935278414743,5
589,3.76706408969683,0.8908953598462044,5
590,3.303165574416912,0.23343309531380554,5
591,3.6224915770663175,0.1290639137274,5
592,2.5894738458429574,0.3354376823832346,5
593,2.583810148282744,0.22275455812017228,5
594,4.121453947978928,0.24196281811534395,5
595,2.767464154500994,0.26147506235133217,5
596,3.0648847549329887,0.41090569042836117,5
597,2.5578116829040574,0.4725204119908948,5
598,3.704167609566563,0.4873770004179057,5
599,3.599163052906763,0.5540596138081172,5
600,2.2522255462326717,0.15931248489138253,5
601,3.5198574257695596,0.71101339865652,5
602,3.701531772744688,0.3341324942619837,5
603,2.284616964055972,0.18831086753347076,5
604,3.8472041003263526,0.3822020320848876,5
605,2.986349046876532,0.26257765689348567,5
606,3.4797829011031167,0.6311619201329333,5
607,2.78682370049016,0.40121204245515063,5
608,4.022734044537851,0.42221418059877536,5
609,2.947511927392756,0.42583715326618343,5
610,1.8423499799058192,0.1582106320277183,5
611,2.5792326501769223,0.5097957666528261,5
612,5.455495573431007,0.4998665626153787,5
613,3.4360729426139054,0.16947836770009742,5
614,2.9498778702713913,0.3601625490473557,5
615,1.0654733046550695,0.17187954984226245,5
616,2.3940728446143207,0.40478126300127737,5
617,4.007649201373293,0.46489235078017777,5
618,3.1278610504439355,0.5360448470343658,5
619,2.4585611359251605,0.5843664622333252,5
620,2.373254269822915,0.08878488764807858,5
621,3.980747380382816,0.3680688071252387,5
622,4.274288816736043,1.024602002222491,5
623,3.836803944123311,0.41533805115750294,5
624,2.482042950490706,0.5057968040816142,5
625,4.415328955683951,0.6479838160980046,5
626,1.743647630025724,0.15839728533889735,5
627,1.6669831288556303,0.1456707174969527,5
628,3.3982991420914344,0.45891512900077586,5
629,1.1471161051363623,0.15500483170166962,5
630,3.3623893507799663,0.5557385491257751,5
631,1.4698188593830224,0.15520057439163487,5
632,2.3246787250198997,0.3957871894117594,5
633,1.7934784602167504,0.21291478816526346,5
634,4.0746533540879835,1.1156622939422174,5
635,2.9701277982970415,0.2683357393614576,5
636,5.253627697514743,0.5779277151549486,5
637,2.647085205390346,0.04066683552479413,5
638,2.7737383319127837,0.28039815253026956,5
639,3.361831743154274,0.5606571278463675,5
640,2.644050567669436,0.6071188843994718,5
641,2.798288096218213,0.5989469410860276,5
642,2.488402405991317,0.21948818185749994,5
643,4.8696405714343145,0.5801517105105167,5
644,3.9719930290431527,0.09310829367158632,5
645,3.1667130857842545,0.32467694000950853,5
646,2.011029929036094,0.2091799972817608,5
647,3.684845165173172,0.5111219764880126,5
648,2.9204918163153066,0.28844996047382326,5
649,5.091421675149311,0.3370257912133656,5
650,2.3167496033022745,0.4526235481526233,5
651,2.5577120255989865,0.2455105039845026,5
652,1.730540222023706,0.10375400548780588,5
653,2.387752069071983,0.2734376114814709,5
654,3.4320917238661757,0.14152863626618506,5
655,1.940250643633653,0.10750380398217123,5
656,4.2443257235491885,0.6317243950943778,5
657,3.8724047293705235,0.5459246347563885,5
658,2.538865991037193,0.2467219336391693,5
659,4.343141076886922,0.15328578178727972,5
660,3.80618883957749,0.5990248637503799,5
661,4.183745993954977,1.1508879380318913,5
662,2.81394322365711,0.3479846304837004,5
663,3.0755427264670097,0.21055777195659647,5
664,4.019002312129597,0.9929165563803181,5
665,2.311910458509763,0.15395417519389795,5
666,1.8199854677528695,0.21509753676254872,5
667,5.040950700186913,0.9226674960581714,5
668,3.170123500409923,0.43542881369720415,5
669,4.783433867727881,0.34317529205031194,5
670,2.7238996649133056,0.1503001961130812,5
671,3.503831839490767,0.4439617422317406,5
672,2.1901247942796878,0.23340948863926383,5
673,4.7989783487233275,0.5274472535111846,5
674,2.3086754845426563,0.3135564143295367,5
675,4.040156289450148,0.6141132989956117,5
676,3.8029909553888657,0.8535521089344832,5
677,1.7874566874598137,0.14053884781951445,5
678,1.8727519034847795,0.49800195669635816,5
679,4.9860363379607815,0.7268265268452065,5
680,4.629307786052583,1.0145315724392037,5
681,3.0168812907200597,0.35112049911279775,5
682,3.7604173658305173,0.20671440359609394,5
683,1.6610925551653644,0.1419655698643653,5
684,3.2154531446216765,0.369304095845274,5
685,1.6064916892773862,0.22047517869504557,5
686,2.8604882036443695,0.19166645348103603,5
687,2.908784818884979,0.3067960058899413,5
688,2.954665011587738,0.5809880618157623,5
689,2.4121963301514358,0.18705606090084137,5
690,3.7059010109127293,0.7000570336802016,5
691,1.4795706963420785,0.1310174486013906,5
692,4.754649331982816,0.1970908277795071,5
693,2.669097314161164,0.4952881202838596,5
694,2.23374131422863,0.37633927796728,5
695,2.961746852747434,0.35844247606872476,5
696,4.346986443271521,0.4281373594452786,5
697,2.842005535384326,0.17101849128860588,5
698,3.6341091733742195,0.14379324001275026,5
699,3.614807438556629,0.9259671125531871,5
700,4.216837036219479,0.8758436488180744,5
701,2.433977697597283,0.17814093610809872,5
702,3.3765770447880596,0.27319243689991984,5
703,1.8461025508026772,0.2088538381723249,5
704,5.911439863102268,0.36513929777914234,5
705,4.158257545775764,0.9976815685836461,5
706,1.2623342512505555,0.0866320478702516,5
707,3.183554372376419,0.45366637709838264,5
708,3.148902205016027,0.21928101416283804,5
709,1.5272489391830582,0.1256160076064736,5
710,3.6898354954063044,0.38726270433244314,5
711,2.4535286245575625,0.1206073053882436,5
712,4.619507079183038,0.6082408835410132,5
713,2.415860509843355,0.16038635571569257,5
714,4.974152669014071,1.0481139028587412,5
715,2.5739074124782304,0.34842595184350383,5
716,3.485502325949845,0.29948222318611045,5
717,4.818586435411463,0.21307073331798704,5
718,1.9602988504955072,0.22746938461653068,5
719,2.569148098995584,0.30546401057198047,5
720,2.4538711710693257,0.21392955756222637,5
721,3.238525211562012,0.3650180380546788,5
722,3.7354037958117843,0.2861347754022143,5
723,5.270765560710042,0.9859453194673758,5
724,3.364136939474128,0.6565256189296077,5
725,2.6882074171434893,0.517703600583289,5
726,3.203522735951519,0.2551844318141202,5
727,2.3811026048928534,0.49617323213695175,5
728,4.00244744661642,0.5085281356802652,5
729,1.3862133618174242,0.0776660914683622,5
730,5.48743871634656,1.2272300176298285,5
731,3.389425701995113,0.45267391620501235,5
732,3.6408361933488393,0.6555763653870619,5
733,3.550345792034611,0.47795050004134404,5
734,3.617756898554327,0.5556400376313847,5
735,3.785097875646308,0.20005514655336687,5
736,2.83593386425816,0.39224797914881804,5
737,1.7748774738899578,0.39961132371714214,5
738,3.3613233371615876,0.8670462166826669,5
739,2.494058068519035,0.2722486554144574,5
740,2.9046399093548576,0.2303521913903666,5
741,2.4557594859892027,0.4265592149227451,5
742,3.357249927092056,0.5399779384866997,5
743,1.9272459057618192,0.31391780494684707,5
744,3.252452211896286,0.24250800194201116,5
745,3.0461962924036277,0.1887676234972278,5
746,2.9374815968444503,0.40606686252610946,5
747,5.614647371152278,1.4622244327517486,5
748,3.41574449820004,0.25624958377510276,5
749,2.576971749447863,0.22546386746443572,5
750,2.3949295747823913,0.2675086024259289,5
751,2.139819184781222,0.2930367021459092,5
752,3.3287922903668417,0.6727553762932301,5
753,2.481537764654761,0.3046892738938464,5
754,3.368411671997143,0.2411889988903882,5
755,3.0472773908608843,0.567214008948596,5
756,1.9144566194048358,0.3542491700546097,5
757,4.685422708302582,0.7075106543700783,5
758,3.1659873585279477,0.39080035977152655,5
759,2.7133563229351294,0.36459599110484653,5
760,3.0138400569366115,0.38853488477658205,5
761,1.8425887575981001,0.17546114713516472,5
762,4.687258328619032,0.8665289300121655,5
763,1.6922180339327937,0.09574482097016603,5
764,3.0552358828424024,0.37363908622311776,5
765,3.4537704224026995,0.28339584732400314,5
766,3.2874975159933215,0.15385844970506027,5
767,1.2471555215886165,0.10569560649067916,5
768,3.2750803896588168,0.04308991782810994,5
769,3.442891161161472,0.3451005597634641,5
770,3.2089155825974656,0.20653986868129448,5
771,2.1253647562211655,0.15343318940407424,5
772,3.2315415073510048,0.4113889401694082,5
773,2.8455127324564624,0.24710847251793042,5
774,3.0396301369175474,0.2795219297337315,5
775,2.87472707115798,0.3627711195347407,5
776,2.8835503477138227,0.19694534684582657,5
777,2.352818824190684,0.2021900568222844,5
778,4.392817900334748,0.4989645691665284,5
779,2.102964725207177,0.2093034326544146,5
780,3.3452830807039566,0.5370028890823402,5
781,2.715279286793437,0.33463822439071034,5
782,4.018549818397971,0.5648298111510313,5
783,3.6077865649968253,0.41126337310602123,5
784,1.342113508959204,0.06695795088161005,5
785,1.7799894668716347,0.1951540621912727,5
786,3.286185543393721,0.4096311505704237,5
787,1.628123177075492,0.2087092908180196,5
788,2.271164907783169,0.2952506144574365,5
789,2.2874765183304238,0.3922401786243309,5
790,0.9831305040269115,0.07011211484399202,5
791,5.158297351754554,1.2063386381143575,5
792,3.1241312964116092,0.3484174086297458,5
793,2.5738319604606765,0.5443176786103334,5
794,3.642583816778945,0.10367758419810005,5
795,2.2500351755244936,0.21700922824886137,5
796,2.3026579717574287,0.16524289058314973,5
797,3.0848337505319217,0.6813492637321586,5
798,1.395241020418578,0.28224516627924434,5
799,2.7052490927718034,0.9098605529460149,5
800,3.1313733409191715,0.5294492714055258,5
801,3.208604365320069,0.5445658999181926,5
802,1.4082758988455948,0.16779148028080598,5
803,4.325681492883826,0.8108908970934007,5
804,4.8463056930457835,0.47867826125996055,5
805,1.5042809748379233,0.19295408989410426,5
806,1.6853597997575342,0.2032394956969954,5
807,2.3983605099885255,0.10343235142824024,5
808,2.5206889623110618,0.4199849349920875,5
809,4.656210034380897,0.7641534187808489,5
810,4.292111032130732,0.49845780302134796,5
811,4.211604679290974,0.9703325207197584,5
812,2.2957620849400406,0.3557304684835747,5
813,1.663819924794883,0.1908519480828394,5
814,4.92498182898872,1.0554917627221454,5
815,4.027459567585052,0.7378131948636858,5
816,2.6064107779433408,0.15527797315104971,5
817,1.282854213111269,0.17236858804799335,5
818,1.8773867562555413,0.20726869269797352,5
819,1.8489499241392273,0.18435748472652805,5
820,5.552442462399474,0.8488521846192424,5
821,1.8846265056056155,0.10570049805615658,5
822,2.491358746381656,0.10057657548194483,5
823,2.0748191944144216,0.30969924272693916,5
824,2.5681407795968747,0.6134396657372947,5
825,3.4830601516333717,0.30043864642418483,5
826,3.6455114377623685,0.5340006336090677,5
827,3.9589672133969644,0.6361596845669886,5
828,5.240013276600175,1.035400614706173,5
829,2.0196178396221733,0.19159622927173406,5
830,2.855951578977496,0.4563439192476546,5
831,3.7410536159911443,0.6841278885328808,5
832,3.175416978357161,0.6475174104316328,5
833,3.353443741973666,0.4572427341770048,5
834,4.239910390262176,0.41521245034128906,5
835,1.1428412192210633,0.13751674663641672,5
836,2.672369447351047,0.14978562615462668,5
837,2.1367698008495783,0.1633037614269172,5
838,2.51920644077635,0.4804068377425915,5
839,2.6295839915168893,0.4208763779651644,5
840,3.2027089797318475,0.5492350320190504,5
841,2.049206367495067,0.10727752897149528,5
842,2.2719403231918536,0.1810076329494188,5
843,4.058423077340857,0.47635922561217764,5
844,3.8348749103301203,0.20622192524625085,5
845,1.8170216467643872,0.3729202247524777,5
846,3.73980301247125,0.7614047857963526,5
847,2.6736174639244585,0.15148255381977974,5
848,2.1553740832844386,0.1858285151479153,5
849,4.4915651938630194,0.3366999665226715,5
850,3.54210346714916,0.268289359514413,5
851,3.283728984480574,0.3718648328974565,5
852,3.0455290901679604,0.49362268268008497,5
853,3.572033215294875,0.8880772852306956,5
854,3.4231938131028605,0.5552193457158732,5
855,1.2556118854299856,0.22528437103564297,5
856,2.822318147751571,0.4580878598321969,5
857,2.1651352114383218,0.2970770024393528,5
858,3.783598674944615,0.7962267953937874,5
859,3.340213774266595,0.20030367884027367,5
860,1.444879242910254,0.22339619916068615,5
861,2.77098692482361,0.47275220513100846,5
862,3.584654933466105,0.5882862373066375,5
863,2.703048774497085,0.4213931598580908,5
864,2.219673372022765,0.330114522510957,5
865,2.2629966111968045,0.1925982552028775,5
866,1.477450274099899,0.19417908688498423,5
867,3.5348141318656388,0.3122170557233656,5
868,2.216282520739089,0.16566856850427383,5
869,1.4710258663964997,0.10703216637168214,5
870,3.9876828862876708,0.47216395315426796,5
871,3.4836322857549207,0.35147618355638277,5
872,1.2833594510186996,0.053159659895267365,5
873,3.1328707833326,0.30858387443682544,5
874,2.7667492300289265,0.3341907545899124,5
875,4.285112774795179,0.33406082192301556,5
876,2.1163274975340243,0.21601014576881059,5
877,3.2685833780867823,0.6489105868952459,5
878,4.346742602648659,0.4752834054601476,5
879,2.515728643266428,0.4059330186465969,5
880,2.7624186369058097,0.4141356422697869,5
881,2.7381273427746295,0.42107940347834366,5
882,3.071141681909201,0.1998628564339087,5
883,5.3919004402463555,0.6587950841639606,5
884,2.770480914303082,0.26688355262339586,5
885,5.110400218535334,0.6972403390102806,5
886,1.2941248377858168,0.13162489892854587,5
887,4.426754802263778,0.49484220484126545,5
888,2.6219894019412124,0.44475798512408743,5
889,3.5224530970725447,0.7548362405091968,5
890,1.8483184497327976,0.14366596743108065,5
891,1.7102516515435728,0.18007087934232469,5
892,1.5275608536488088,0.08890840424141898,5
893,2.9053701270269805,0.3709968161509614,5
894,3.5788459666075143,0.6359791107310411,5
895,4.598395079268766,0.7389084333354978,5
896,2.385298235059783,0.10131829001670169,5
897,2.738284522112422,0.12582417001173543,5
898,1.7135338447048594,0.30163082034310784,5
899,3.477419518247538,0.4263589464585555,5
900,2.321277075279677,0.3514586313672273,5
901,3.375803344119703,0.5511577825310067,5
902,4.19380640161304,1.575988390021373,5
903,2.0200465044760305,0.3156499862864058,5
904,3.3412051921370924,0.3169860002893541,5
905,2.4951079034057075,0.3450554808386266,5
906,3.251410191749742,0.3875283355785914,5
907,3.950402148896771,0.8151350960653997,5
908,1.8406207035281237,0.2604175863448293,5
909,2.4556002373409394,0.33883424016757113,5
910,2.612990740558167,0.32979573478450314,5
911,1.5909386303586173,0.16564141309845104,5
912,4.285413453898336,0.4255389526746669,5
913,2.536142531565341,0.11118949378472032,5
914,3.0742804133947392,0.38008704969238,5
915,2.8955670127066617,0.9372752494180999,5
916,3.6363200326858247,0.42473679929738695,5
917,3.100540665814914,0.46191682877370505,5
918,2.319609219695606,0.05349952871033908,5
919,2.4797921959973617,0.605983133470029,5
920,1.7890372950571636,0.20548702250013023,5
921,2.174718255025622,0.3702596884041188,5
922,1.328452460804645,0.15776559388201306,5
923,2.253018909445487,0.06627563146983598,5
924,1.6402980785256773,0.27932034540844364,5
925,2.9049063051347437,0.44431107663544145,5
926,3.4446718880056792,0.4343872784442463,5
927,3.34337684699841,0.4543739875029524,5
928,4.4554872930600435,0.22042637979565738,5
929,3.9877823259512866,0.3780705612662536,5
930,2.4596124383877274,0.3680832188765884,5
931,3.0736019343848295,1.3755429340375664,5
932,2.1216582943626654,0.15333584819043838,5
933,5.026587871989598,0.5578509486931015,5
934,2.553481129778807,0.21757618428416087,5
935,2.2697235129415128,0.19798790263978688,5
936,2.2991283694274913,0.42133555000012735,5
937,2.300592981532933,0.19655980706730697,5
938,2.2716376385886,0.282630362588889,5
939,2.5867464282342487,0.16563464430706346,5
940,3.246688837786979,0.5364790611728797,5
941,4.473331806686252,0.5331726618684101,5
942,1.9972848601042006,0.140225998908392,5
943,5.242542402233469,1.1016325566982923,5
944,2.8604766147194938,0.3122989008476883,5
945,4.891649100137107,0.5845534014578807,5
946,1.7690034298971562,0.08376978126820472,5
947,2.6577144147787624,0.42614404848882637,5
948,2.4358500514449166,0.25227142693951243,5
949,3.738021239271822,0.4364908006006231,5
950,3.788317641584918,0.5436128570076074,5
951,1.961995008152945,0.296538599838029,5
952,5.360567773414846,0.5802943682747038,5
953,1.4749452775740324,0.2384204424050648,5
954,4.765868966169956,0.6038916280277612,5
955,2.3125468032454304,0.2286788606395869,5
956,4.926247283817706,0.7641963963481924,5
957,4.348118636105533,0.6671474166132396,5
958,3.961021696234007,0.28917554175309707,5
959,4.733847042064503,0.539348390971644,5
960,3.615886670824594,0.3808570025605683,5
961,3.5329475885495882,0.35159624136074596,5
962,2.697175052998994,0.2813356383628949,5
963,2.66512915650677,0.15549004321237792,5
964,3.652444662247968,0.6077423550139551,5
965,4.212602562620567,0.7512491187295569,5
966,2.4873183166374253,0.2948993741553543,5
967,2.8464046078468086,0.3243647584082334,5
968,4.127292624617183,0.3731440825104758,5
969,3.620469027789033,0.3040309828344877,5
970,1.8939036066476418,0.10718860371619555,5
971,3.3903823433328695,0.30319562642995174,5
972,2.3289021260667595,0.2987386475202341,5
973,1.08332350021579,0.11658285255611095,5
974,2.234253329053344,0.23472668639102995,5
975,4.852691568966104,0.9754523284881315,5
976,1.4199654850186019,0.16435702708547156,5
977,1.5281448103873845,0.29319901656150477,5
978,2.5280558717505417,0.2590192889056905,5
979,3.7626934691783207,0.2742774881866335,5
980,2.5726041585558717,0.3093883695818575,5
981,3.988027327496927,0.7509724634259489,5
982,1.424694517001122,0.1986309232153415,5
983,2.4190949136590705,0.1435949394899116,5
984,4.322480955152533,0.8942275642833494,5
985,3.7406229655844117,0.2685631747719204,5
986,2.5839573793431105,0.21010374885025818,5
987,2.587257801012025,0.12538712081901235,5
988,2.4661018013176856,0.2447830582582578,5
989,2.5730659054578555,0.11962536392974135,5
990,3.088943537968894,0.38695322049178565,5
991,2.143528128415978,0.49326394902327025,5
992,2.759160016503444,0.31683698989151854,5
993,3.503682054630905,1.0939549886667137,5
994,5.388519075351612,0.9606714568307427,5
995,3.8579561443728934,0.36480126476229074,5
996,1.7407550515621508,0.19186758697908393,5
997,2.8495430391210315,0.30757064821335905,5
998,4.907560253207274,0.8688615635461583,5
999,2.3311277029199173,0.48115105639811506,5
1000,2.20758766269402,0.3263474436384979,5
